img1001,3,0,100,10,10
img1002,3,0,100,10,10
img1003,3,0,100,10,10
img1004,3,0,100,10,10
img1005,3,0,100,10,10
img1006,3,0,100,10,10
img1007,3,0,100,10,10
img1008,3,0,100,10,10
img1009,3,0,100,10,10
img1010,3,0,100,10,10
img1011,3,0,100,10,10
img1012,3,0,100,10,10
img1013,3,0,100,10,10
img1014,3,0,100,10,10
img1015,3,0,100,10,10
img1016,3,0,100,10,10
img1017,3,0,100,10,10
img1018,3,0,100,10,10
img1019,3,0,100,10,10
img1020,3,0,100,10,10
img1021,3,0,100,10,10
img1022,3,0,100,10,10
img1023,3,0,100,10,10
img1024,3,0,100,10,10
img1025,3,0,100,10,10
img1026,3,0,100,10,10
img1027,3,0,100,10,10
img1028,3,0,100,10,10
img1029,3,0,100,10,10
img1030,3,0,100,10,10
img1031,3,0,100,10,10
img1032,3,0,100,10,10
img1033,3,0,100,10,10
img1034,3,0,100,10,10
img1035,3,0,100,10,10
img1036,3,0,100,10,10
img1037,3,0,100,10,10
img1038,3,0,100,10,10
img1039,3,0,100,10,10
img1040,3,0,100,10,10
img1041,3,0,100,10,10
img1042,3,0,100,10,10
img1043,3,0,100,10,10
img1044,3,0,100,10,10
img1045,3,0,100,10,10
img1046,3,0,100,10,10
img1047,3,0,100,10,10
img1048,3,0,100,10,10
img1049,3,0,100,10,10
img1050,3,0,100,10,10
img1051,3,0,100,10,10
img1052,3,0,100,10,10
img1053,3,0,100,10,10
img1054,3,0,100,10,10
img1055,3,0,100,10,10
img1056,3,0,100,10,10
img1057,3,0,100,10,10
img1058,3,0,100,10,10
img1059,3,0,100,10,10
img1060,3,0,100,10,10
img1061,3,0,100,10,10
img1062,3,0,100,10,10
img1063,3,0,100,10,10
img1064,3,0,100,10,10
img1065,3,0,100,10,10
img1066,3,0,100,10,10
img1067,3,0,100,10,10
img1068,3,0,100,10,10
img1069,3,0,100,10,10
img1070,3,0,100,10,10
img1071,3,0,100,10,10
img1072,3,0,100,10,10
img1073,3,0,100,10,10
img1074,3,0,100,10,10
img1075,3,0,100,10,10
img1076,3,0,100,10,10
img1077,3,0,100,10,10
img1078,3,0,100,10,10
img1079,3,0,100,10,10
img1080,3,0,100,10,10
img1081,3,0,100,10,10
img1082,3,0,100,10,10
img1083,3,0,100,10,10
img1084,3,0,100,10,10
img1085,3,0,100,10,10
img1086,3,0,100,10,10
img1087,3,0,100,10,10
img1088,3,0,100,10,10
img1089,3,0,100,10,10
img1090,3,0,100,10,10
img1091,3,0,100,10,10
img1092,3,0,100,10,10
img1093,3,0,100,10,10
img1094,3,0,100,10,10
img1095,3,0,100,10,10
img1096,3,0,100,10,10
img1097,3,0,100,10,10
img1098,3,0,100,10,10
img1099,3,0,100,10,10
img1100,3,0,100,10,10
img1101,3,0,100,10,10
img1102,3,0,100,10,10
img1103,3,0,100,10,10
img1104,3,0,100,10,10
img1105,3,0,100,10,10
img1106,3,0,100,10,10
img1107,3,0,100,10,10
img1108,3,0,100,10,10
img1109,3,0,100,10,10
img1110,3,0,100,10,10
img1111,3,0,100,10,10
img1112,3,0,100,10,10
img1113,3,0,100,10,10
img1114,3,0,100,10,10
img1115,3,0,100,10,10
img1116,3,0,100,10,10
img1117,3,0,100,10,10
img1118,3,0,100,10,10
img1119,3,0,100,10,10
img1120,3,0,100,10,10
img1121,3,0,100,10,10
img1122,3,0,100,10,10
img1123,3,0,100,10,10
img1124,3,0,100,10,10
img1125,3,0,100,10,10
img1126,3,0,100,10,10
img1127,3,0,100,10,10
img1128,3,0,100,10,10
img1129,3,0,100,10,10
img1130,3,0,100,10,10
img1131,3,0,100,10,10
img1132,3,0,100,10,10
img1133,3,0,100,10,10
img1134,3,0,100,10,10
img1135,3,0,100,10,10
img1136,3,0,100,10,10
img1137,3,0,100,10,10
img1138,3,0,100,10,10
img1139,3,0,100,10,10
img1140,3,0,100,10,10
img1141,3,0,100,10,10
img1142,3,0,100,10,10
img1143,3,0,100,10,10
img1144,3,0,100,10,10
img1145,3,0,100,10,10
img1146,3,0,100,10,10
img1147,3,0,100,10,10
img1148,3,0,100,10,10
img1149,3,0,100,10,10
img1150,3,0,100,10,10
img1151,3,0,100,10,10
img1152,3,0,100,10,10
img1153,3,0,100,10,10
img1154,3,0,100,10,10
img1155,3,0,100,10,10
img1156,3,0,100,10,10
img1157,3,0,100,10,10
img1158,3,0,100,10,10
img1159,3,0,100,10,10
img1160,3,0,100,10,10
img1161,3,0,100,10,10
img1162,3,0,100,10,10
img1163,3,0,100,10,10
img1164,3,0,100,10,10
img1165,3,0,100,10,10
img1166,3,0,100,10,10
img1167,3,0,100,10,10
img1168,3,0,100,10,10
img1169,3,0,100,10,10
img1170,3,0,100,10,10
img1171,3,0,100,10,10
img1172,3,0,100,10,10
img1173,3,0,100,10,10
img1174,3,0,100,10,10
img1175,3,0,100,10,10
img1176,3,0,100,10,10
img1177,3,0,100,10,10
img1178,3,0,100,10,10
img1179,3,0,100,10,10
img1180,3,0,100,10,10
img1181,3,0,100,10,10
img1182,3,0,100,10,10
img1183,3,0,100,10,10
img1184,3,0,100,10,10
img1185,3,0,100,10,10
img1186,3,0,100,10,10
img1187,3,0,100,10,10
img1188,3,0,100,10,10
img1189,3,0,100,10,10
img1190,3,0,100,10,10
img1191,3,0,100,10,10
img1192,3,0,100,10,10
img1193,3,0,100,10,10
img1194,3,0,100,10,10
img1195,3,0,100,10,10
img1196,3,0,100,10,10
img1197,3,0,100,10,10
img1198,3,0,100,10,10
img1199,3,0,100,10,10
img1200,3,0,100,10,10
img1201,3,0,100,10,10
img1202,3,0,100,10,10
img1203,3,0,100,10,10
img1204,3,0,100,10,10
img1205,3,0,100,10,10
img1206,3,0,100,10,10
img1207,3,0,100,10,10
img1208,3,0,100,10,10
img1209,3,0,100,10,10
img1210,3,0,100,10,10
img1211,3,0,100,10,10
img1212,3,0,100,10,10
img1213,3,0,100,10,10
img1214,3,0,100,10,10
img1215,3,0,100,10,10
img1216,3,0,100,10,10
img1217,3,0,100,10,10
img1218,3,0,100,10,10
img1219,3,0,100,10,10
img1220,3,0,100,10,10
img1221,3,0,100,10,10
img1222,3,0,100,10,10
img1223,3,0,100,10,10
img1224,3,0,100,10,10
img1225,3,0,100,10,10
img1226,3,0,100,10,10
img1227,3,0,100,10,10
img1228,3,0,100,10,10
img1229,3,0,100,10,10
img1230,3,0,100,10,10
img1231,3,0,100,10,10
img1232,3,0,100,10,10
img1233,3,0,100,10,10
img1234,3,0,100,10,10
img1235,3,0,100,10,10
img1236,3,0,100,10,10
img1237,3,0,100,10,10
img1238,3,0,100,10,10
img1239,3,0,100,10,10
img1240,3,0,100,10,10
img1241,3,0,100,10,10
img1242,3,0,100,10,10
img1243,3,0,100,10,10
img1244,3,0,100,10,10
img1245,3,0,100,10,10
img1246,3,0,100,10,10
img1247,3,0,100,10,10
img1248,3,0,100,10,10
img1249,3,0,100,10,10
img1250,3,0,100,10,10
img1251,3,0,100,10,10
img1252,3,0,100,10,10
img1253,3,0,100,10,10
img1254,3,0,100,10,10
img1255,3,0,100,10,10
img1256,3,0,100,10,10
img1257,3,0,100,10,10
img1258,3,0,100,10,10
img1259,3,0,100,10,10
img1260,3,0,100,10,10
img1261,3,0,100,10,10
img1262,3,0,100,10,10
img1263,3,0,100,10,10
img1264,3,0,100,10,10
img1265,3,0,100,10,10
img1266,3,0,100,10,10
img1267,3,0,100,10,10
img1268,3,0,100,10,10
img1269,3,0,100,10,10
img1270,3,0,100,10,10
img1271,3,0,100,10,10
img1272,3,0,100,10,10
img1273,3,0,100,10,10
img1274,3,0,100,10,10
img1275,3,0,100,10,10
img1276,3,0,100,10,10
img1277,3,0,100,10,10
img1278,3,0,100,10,10
img1279,3,0,100,10,10
img1280,3,0,100,10,10
img1281,3,0,100,10,10
img1282,3,0,100,10,10
img1283,3,0,100,10,10
img1284,3,0,100,10,10
img1285,3,0,100,10,10
img1286,3,0,100,10,10
img1287,3,0,100,10,10
img1288,3,0,100,10,10
img1289,3,0,100,10,10
img1290,3,0,100,10,10
img1291,3,0,100,10,10
img1292,3,0,100,10,10
img1293,3,0,100,10,10
img1294,3,0,100,10,10
img1295,3,0,100,10,10
img1296,3,0,100,10,10
img1297,3,0,100,10,10
img1298,3,0,100,10,10
img1299,3,0,100,10,10
img1300,3,0,100,10,10
img1301,3,0,100,10,10
img1302,3,0,100,10,10
img1303,3,0,100,10,10
img1304,3,0,100,10,10
img1305,3,0,100,10,10
img1306,3,0,100,10,10
img1307,3,0,100,10,10
img1308,3,0,100,10,10
img1309,3,0,100,10,10
img1310,3,0,100,10,10
img1311,3,0,100,10,10
img1312,3,0,100,10,10
img1313,3,0,100,10,10
img1314,3,0,100,10,10
img1315,3,0,100,10,10
img1316,3,0,100,10,10
img1317,3,0,100,10,10
img1318,3,0,100,10,10
img1319,3,0,100,10,10
img1320,3,0,100,10,10
img1321,3,0,100,10,10
img1322,3,0,100,10,10
img1323,3,0,100,10,10
img1324,3,0,100,10,10
img1325,3,0,100,10,10
img1326,3,0,100,10,10
img1327,3,0,100,10,10
img1328,3,0,100,10,10
img1329,3,0,100,10,10
img1330,3,0,100,10,10
img1331,3,0,100,10,10
img1332,3,0,100,10,10
img1333,3,0,100,10,10
img1334,3,0,100,10,10
img1335,3,0,100,10,10
img1336,3,0,100,10,10
img1337,3,0,100,10,10
img1338,3,0,100,10,10
img1339,3,0,100,10,10
img1340,3,0,100,10,10
img1341,3,0,100,10,10
img1342,3,0,100,10,10
img1343,3,0,100,10,10
img1344,3,0,100,10,10
img1345,3,0,100,10,10
img1346,3,0,100,10,10
img1347,3,0,100,10,10
img1348,3,0,100,10,10
img1349,3,0,100,10,10
img1350,3,0,100,10,10
img1351,3,0,100,10,10
img1352,3,0,100,10,10
img1353,3,0,100,10,10
img1354,3,0,100,10,10
img1355,3,0,100,10,10
img1356,3,0,100,10,10
img1357,3,0,100,10,10
img1358,3,0,100,10,10
img1359,3,0,100,10,10
img1360,3,0,100,10,10
img1361,3,0,100,10,10
img1362,3,0,100,10,10
img1363,3,0,100,10,10
img1364,3,0,100,10,10
img1365,3,0,100,10,10
img1366,3,0,100,10,10
img1367,3,0,100,10,10
img1368,3,0,100,10,10
img1369,3,0,100,10,10
img1370,3,0,100,10,10
img1371,3,0,100,10,10
img1372,3,0,100,10,10
img1373,3,0,100,10,10
img1374,3,0,100,10,10
img1375,3,0,100,10,10
img1376,3,0,100,10,10
img1377,3,0,100,10,10
img1378,3,0,100,10,10
img1379,3,0,100,10,10
img1380,3,0,100,10,10
img1381,3,0,100,10,10
img1382,3,0,100,10,10
img1383,3,0,100,10,10
img1384,3,0,100,10,10
img1385,3,0,100,10,10
img1386,3,0,100,10,10
img1387,3,0,100,10,10
img1388,3,0,100,10,10
img1389,3,0,100,10,10
img1390,3,0,100,10,10
img1391,3,0,100,10,10
img1392,3,0,100,10,10
img1393,3,0,100,10,10
img1394,3,0,100,10,10
img1395,3,0,100,10,10
img1396,3,0,100,10,10
img1397,3,0,100,10,10
img1398,3,0,100,10,10
img1399,3,0,100,10,10
img1400,3,0,100,10,10
img1401,3,0,100,10,10
img1402,3,0,100,10,10
img1403,3,0,100,10,10
img1404,3,0,100,10,10
img1405,3,0,100,10,10
img1406,3,0,100,10,10
img1407,3,0,100,10,10
img1408,3,0,100,10,10
img1409,3,0,100,10,10
img1410,3,0,100,10,10
img1411,3,0,100,10,10
img1412,3,0,100,10,10
img1413,3,0,100,10,10
img1414,3,0,100,10,10
img1415,3,0,100,10,10
img1416,3,0,100,10,10
img1417,3,0,100,10,10
img1418,3,0,100,10,10
img1419,3,0,100,10,10
img1420,3,0,100,10,10
img1421,3,0,100,10,10
img1422,3,0,100,10,10
img1423,3,0,100,10,10
img1424,3,0,100,10,10
img1425,3,0,100,10,10
img1426,3,0,100,10,10
img1427,3,0,100,10,10
img1428,3,0,100,10,10
img1429,3,0,100,10,10
img1430,3,0,100,10,10
img1431,3,0,100,10,10
img1432,3,0,100,10,10
img1433,3,0,100,10,10
img1434,3,0,100,10,10
img1435,3,0,100,10,10
img1436,3,0,100,10,10
img1437,3,0,100,10,10
img1438,3,0,100,10,10
img1439,3,0,100,10,10
img1440,3,0,100,10,10
img1441,3,0,100,10,10
img1442,3,0,100,10,10
img1443,3,0,100,10,10
img1444,3,0,100,10,10
img1445,3,0,100,10,10
img1446,3,0,100,10,10
img1447,3,0,100,10,10
img1448,3,0,100,10,10
img1449,3,0,100,10,10
img1450,3,0,100,10,10
img1451,3,0,100,10,10
img1452,3,0,100,10,10
img1453,3,0,100,10,10
img1454,3,0,100,10,10
img1455,3,0,100,10,10
img1456,3,0,100,10,10
img1457,3,0,100,10,10
img1458,3,0,100,10,10
img1459,3,0,100,10,10
img1460,3,0,100,10,10
img1461,3,0,100,10,10
img1462,3,0,100,10,10
img1463,3,0,100,10,10
img1464,3,0,100,10,10
img1465,3,0,100,10,10
img1466,3,0,100,10,10
img1467,3,0,100,10,10
img1468,3,0,100,10,10
img1469,3,0,100,10,10
img1470,3,0,100,10,10
img1471,3,0,100,10,10
img1472,3,0,100,10,10
img1473,3,0,100,10,10
img1474,3,0,100,10,10
img1475,3,0,100,10,10
img1476,3,0,100,10,10
img1477,3,0,100,10,10
img1478,3,0,100,10,10
img1479,3,0,100,10,10
img1480,3,0,100,10,10
img1481,3,0,100,10,10
img1482,3,0,100,10,10
img1483,3,0,100,10,10
img1484,3,0,100,10,10
img1485,3,0,100,10,10
img1486,3,0,100,10,10
img1487,3,0,100,10,10
img1488,3,0,100,10,10
img1489,3,0,100,10,10
img1490,3,0,100,10,10
img1491,3,0,100,10,10
img1492,3,0,100,10,10
img1493,3,0,100,10,10
img1494,3,0,100,10,10
img1495,3,0,100,10,10
img1496,3,0,100,10,10
img1497,3,0,100,10,10
img1498,3,0,100,10,10
img1499,3,0,100,10,10
img1500,3,0,100,10,10